{
    "Story": "Histoire",
    "Releases": "Versions",
    "Pricing": "Tarifs",
    "Docs": "Documents",
    "Sign in": "Se connecter",
    "Get Started": "Commencer",
    "The #1 Open Source CRM": "Le CRM Open Source N°1",
    "Company": "Entreprise",
    "Resources": "Ressources",
    "Developers": "Développeurs",
    "User-Guide": "Guide utilisateur",
    "Jobs": "Emplois",
    "Other": "Autres",
    "OSS friends": "Amis de l'OSS",
    "Contributors": "Contributeurs",
    "Terms of service": "Conditions d'utilisation",
    "Privacy Policy": "Politique de confidentialité",
    "©": "©",
    "2025 Twenty PBC": "2025 Twenty PBC",
    "File": "Fichier",
    "Edit": "Éditer",
    "Settings": "Paramètres",
    "Twenty – Open Source CRM": "Twenty – CRM Open Source",
    "An open source CRM designed for modern teams. Twenty combines extensibility, easy data integration, and a user-friendly interface for an innovative CRM experience. ": "Un CRM open source conçu pour les équipes modernes. Twenty associe l'extensibilité, l'intégration facile des données et une interface conviviale pour une expérience CRM innovante ",
    "Back to Home": "Retour à l'accueil"
}