{
    "Story": "Histoire",
    "Releases": "Versions",
    "Pricing": "Tarifs",
    "Docs": "Documentation",
    "Sign in": "Se connecter",
    "Get Started": "Commencer",
    "The #1 Open Source CRM": "Le #1 des CRM Open Source",
    "Company": "Entreprise",
    "Resources": "Ressources",
    "Developers": "Développeurs",
    "User-Guide": "Guide de l'utilisateur",
    "Jobs": "Emplois",
    "Other": "Autres",
    "OSS friends": "Amis de l'Open Source",
    "Contributors": "Contributeurs",
    "Terms of service": "Conditions d'utilisation",
    "Privacy Policy": "Politique de confidentialité",
    "©": "©",
    "2025 Twenty PBC": "2025 Twenty PBC",
    "Talk": "Parler",
    "to us": "à nous",
    "We speak English and French.": "Nous parlons anglais et français.",
    "Twenty – Open Source CRM": "Twenty – Le CRM Open Source",
    "An open source CRM designed for modern teams. Twenty combines extensibility, easy data integration, and a user-friendly interface for an innovative CRM experience. ": "Un CRM open source conçu pour des équipes modernes. Twenty associe extensibilité, intégration aisée des données, et une interface intuitive pour une expérience CRM novatrice "
}