{
    "Story": "Histoire",
    "Releases": "Versions",
    "Pricing": "Tarifs",
    "Docs": "Documentation",
    "Sign in": "Se connecter",
    "Get Started": "Démarrer",
    "Talk to us": "Contactez-nous",
    "The #1 Open Source CRM": "Le CRM Open Source n°1",
    "Company": "Entreprise",
    "Resources": "Ressources",
    "Developers": "Développeurs",
    "User-Guide": "Guide de l'utilisateur",
    "Jobs": "Emplois",
    "Other": "Autres",
    "OSS friends": "Amis de l'OSS",
    "Contributors": "Contributeurs",
    "Terms of service": "Conditions d'utilisation",
    "Privacy Policy": "Politique de confidentialité",
    "©": "©",
    "2025 Twenty PBC": "2025 Twenty PBC",
    "Early Adopter": "Précurseur",
    "/user/month": "/utilisateur/mois",
    "Full access": "Accès complet",
    "Unlimited contacts*": "Contacts illimités*",
    "Priority support": "Support prioritaire",
    "Frequent updates": "Mises à jour fréquentes",
    "7-day refund": "Remboursement sous 7 jours",
    "Try risk free": "Essayez sans risque",
    "Self-hosting": "Auto-hébergement",
    "Always free. Keep in mind we are still in beta so version updates could be a challenge.": "Toujours gratuit. Gardez à l'esprit que nous sommes encore en version bêta, donc les mises à jour de version pourraient être un défi.",
    "Go to Github": "Aller sur Github",
    "Not quite ready to jump in?": "Vous n'êtes pas tout à fait prêt à vous lancer ?",
    "Schedule a call": "Planifier un appel",
    "*Fair usage policy": "*Politique d'utilisation équitable",
    "Twenty - Pricing": "Twenty - Tarification",
    "Embrace the simplicity of our early adopter plan for our open-source CRM. It's affordable, all-inclusive and designed to cater all your needs without surprise costs.": "Profitez de la simplicité de notre plan précurseur pour notre CRM open-source. C'est abordable, tout compris et conçu pour répondre à tous vos besoins sans coûts surprises."
}