{
    "Story": "Histoire",
    "Releases": "Versions",
    "Pricing": "Tarifs",
    "Docs": "Documents",
    "Sign in": "Se connecter",
    "Get Started": "Commencer",
    "The #1 Open Source CRM": "Le n°1 des CRM Open Source",
    "Company": "Entreprise",
    "Resources": "Ressources",
    "Developers": "Développeurs",
    "User-Guide": "Guide Utilisateur",
    "Jobs": "Emplois",
    "Other": "Autres",
    "OSS friends": "Amis de l'OSS",
    "Contributors": "Contributeurs",
    "Terms of service": "Conditions d'utilisation",
    "Privacy Policy": "Politique de confidentialité",
    "©": "©",
    "2025 Twenty PBC": "2025 Twenty PBC",
    "It's Been": "Cela fait",
    "20 Years": "20 Ans",
    "20 years ago, CRM platforms were pioneers in moving to the cloud. Costs dropped. Setup times shrunk. Upgrades were automated. Software entered into a new era — it now came \"as a service\".": "Il y a 20 ans, les plateformes de CRM étaient pionnières dans la transition vers le cloud. Les coûts ont diminué. Les temps d'installation se sont raccourcis. Les mises à niveau ont été automatisées. Le logiciel est entré dans une nouvelle ère - il est maintenant proposé \"en tant que service\".",
    "These tools were initially designed and marketed for sales teams.": "Ces outils ont été initialement conçus et commercialisés pour les équipes de vente.",
    "Gradually, they evolved into platforms and became the backbone of entire organizations.": "Progressivement, ils ont évolué en plateformes et sont devenus l'épine dorsale de toutes les organisations.",
    "File": "Fichier",
    "Edit": "Éditer",
    "Settings": "Paramètres",
    "Customer": "Client",
    "Contact": "Contact",
    "Lou Gerstner": "Lou Gerstner",
    "590 Madison AveNew York, NY 10022, USA.": "590 Madison AveNew York, NY 10022, États-Unis.",
    "Opportunity": "Opportunité",
    "Lou Gerstner expresses interest in our new internet solution. Prior to the call, Denise should promptly send him the new prospectus.": "Lou Gerstner manifeste de l'intérêt pour notre nouvelle solution internet. Avant l'appel, Denise doit lui envoyer rapidement le nouveau prospectus.",
    "Finance watched costs climb. Software Engineers hit walls trying to tweak the software. Data Engineers had to shuffle data from point A to point B. Sales teams had to deal with bloated interfaces. Somehow, companies have lost control over a key component of their operations.": "La finance a vu les coûts augmenter. Les ingénieurs logiciels se sont heurtés à des obstacles pour peaufiner le logiciel. Les ingénieurs de données ont dû transférer les données du point A au point B. Les équipes de vente ont dû faire face à des interfaces alourdies. D'une certaine manière, les entreprises ont perdu le contrôle sur un élément clé de leurs opérations.",
    "It's time for a restart": "Il est temps pour un nouveau départ",
    "Software must return to its rightful owner: the business.": "Le logiciel doit retourner à son véritable propriétaire : l'entreprise.",
    "✦ TWENTY ✦ REASONS ✦  TO LOVE": "✦ VINGT ✦ RAISONS ✦ D'ADORER",
    "Open-Source": "Libre-source",
    "Discard the old 'build vs buy' dilemma — here's a better deal: We build the software. We can eventually host it. But you own it. You can fork the project, contribute to its development, or simply join a community that will empower you to make it your own.": "Oubliez le vieux dilemme 'construire contre acheter' — voici une meilleure offre : nous construisons le logiciel. Nous pouvons éventuellement l'héberger. Mais vous en êtes propriétaire. Vous pouvez forker le projet, contribuer à son développement ou simplement rejoindre une communauté qui vous permettra de l'approprier.",
    "Data-Centric": "Centré sur les Données",
    "The days when the role of CRM platforms was to shift manual data entries to a database are over. Now, the data is already there.": "L'époque où le rôle des plateformes de CRM était de transférer manuellement les saisies de données dans une base de données est révolue. Maintenant, les données sont déjà là.",
    "CRM 2.0 should be built around your data, allowing you to access and visualize any existing sources, not forcing you to retrofit your data into predefined objects on a remote cloud.": "Le CRM 2.0 devrait \\\têtre construit autour de vos données, vous permettant d'accéder et de visualiser n'importe quelles sources existantes, sans vous forcer à adapter vos données dans des objets prédéfinis sur un nuage distant.",
    "Design-Driven": "Axé sur le Design",
    "We set out to create something that we ourselves would always enjoy using. The main application draws inspiration from Notion, a tool known for its user-friendly interface and customization capabilities. And we consider that the developer journey is a crucial part of the user experience, not a secondary consideration.": "Nous nous sommes lancés dans la création de quelque chose que nous aurions toujours plaisir à utiliser. L'application principale s'inspire de Notion, un outil reconnu pour son interface conviviale et ses capacités de personnalisation. Et nous considérons que le parcours du développeur est une partie essentielle de l'expérience utilisateur, et non une considération secondaire.",
    "Hundreds of developers have already contributed to the project. Let’s build this together.": "Des centaines de développeurs ont déjà contribué au projet. Construisons cela ensemble.",
    "These tools were initially designed and marketed for sales teams. Gradually, they evolved into platforms and became the backbone of entire organizations.": "Ces outils ont été initialement conçus et commercialisés pour des équipes de vente. Graduellement, ils se sont transformés en plateformes et sont devenus l'épine dorsale de l'ensemble des organisations.",
    "Twenty - Story": "Twenty - Histoire",
    "Learn more about the story behind Twenty CRM. Embrace the next-gen CRM experience with a solution that is open-source, data-centric, and design-driven. Step into a community that lets you take charge by customizing your CRM for optimal performance.": "En savoir plus sur l'histoire derrière Twenty CRM. Découvrez l'expérience CRM de nouvelle génération avec une solution qui est open-source, axée sur les données et poussée par le design. Plongez dans une communauté qui vous permet de prendre les rênes en personnalisant votre CRM pour des performances optimales."
}