{
    "Story": "Histoire",
    "Releases": "Versions",
    "Pricing": "Tarifs",
    "Docs": "Documents",
    "Sign in": "Se connecter",
    "Get Started": "Commencer",
    "Join our Discord community": "Rejoignez notre communauté Discord",
    "Join our Discord": "Rejoignez notre Discord",
    "The #1": "Le <b>1</b>",
    "Open-Source CRM": "CRM Open-Source",
    "Modern, powerful, affordable platform to manage your customer relationships": "Plateforme moderne, puissante et abordable pour g\\u00e9rer vos relations clients",
    "Talk to us": "Parlez avec nous",
    "Workspaces • 22": "Espaces de travail • 22",
    "Custom": "Personnalisé",
    "105 fields": "105 champs",
    "Companies • 15": "Entreprises • 15",
    "Standard": "Standard",
    "62 fields": "62 champs",
    "Backed by Y Combinator": "Soutenu par Y Combinator",
    "An Operating System": "Un système d'exploitation",
    "for your customer data": "pour vos données clients",
    "Built on your customer data and adaptable to your unique workflows. Designed to fit the": "Construit sur vos données clients et adaptable à vos processus de travail uniques. Conçu pour s'adapter aux",
    "evolving business requirements": "exigences commerciales évolutives",
    "of fast-growing companies.": "des entreprises en forte croissance.",
    "Objects": "Objets",
    "Model your data with custom objects.": "Modélisez vos données avec des objets personnalisés.",
    "APIs": "API",
    "Powerful GraphQL and REST APIs.": "Puissantes APIs GraphQL et REST.",
    "Data sources": "Sources de données",
    "Soon": "Bient\\u00f4t",
    "Connect Postgres, Stripe and many more.": "Connectez Postgres, Stripe et bien d'autres.",
    "Plus all the features": "Ainsi que toutes les fonctionnalités",
    "of a great CRM": "d'un excellent CRM",
    "Tasks": "Tâches",
    "Never miss a deal again.": "Ne ratez plus jamais une occasion.",
    "Follow up with Joe": "Suivez avec Joe",
    "We should contact @Blandine to get Alexandre schedule first. Better call her in the morning, she is often busy in the afternoon.": "Nous devrions contacter @Blandine pour obtenir le programme d'Alexandre en premier. Mieux vaut l'appeler le matin, elle est souvent occupée l'après-midi.",
    "Call Phil": "Appeler Phil",
    "Send IBAN": "Envoyez l'IBAN",
    "Take the UK one": "Prenez celui du Royaume-Uni",
    "Send offer to Slack": "Envoyez l'offre à Slack",
    "Read the note from Tim": "Lisez la note de Tim",
    "Benchmark competion": "\\u00c9valuer la concurrence",
    "Kanbans views": "Vues Kanban",
    "Visualize your workflows.": "Visualisez vos processus de travail.",
    "Qualified": "Qualifi\\u00e9",
    "Proposed": "Proposé",
    "Engaged": "Contacté",
    "In progress": "En cours",
    "Contacted": "Contacté",
    "Stripe": "Stripe",
    "Katherine Adams": "Katherine Adams",
    "Jul 24, 2025": "24 juil. 2025",
    "Patrick Collison": "Patrick Collison",
    "New": "Nouveau",
    "Airbnb": "Airbnb",
    "Phil Schiller": "Phil Schiller",
    "Jun 15, 2023": "15 juin 2023",
    "Joe Gebbia": "Joe Gebbia",
    "Figma": "Figma",
    "Tim Cook": "Tim Cook",
    "Jun 10, 2024": "10 juin 2024",
    "Dylan Field": "Dylan Field",
    "Notes": "Notes",
    "Rich notes with text blocks and markdown.": "Notes riches avec des blocs de texte et markdown.",
    "Summary:": "Résumé :",
    "Engaging discussion with Patrick Collison of Stripe today. Stripe is actively expanding across Europe, and expressed interest in potential collaborations.Tim is the primary contact.": "Discussion engageante avec Patrick Collison de Stripe aujourd'hui. Stripe se développe activement en Europe et a exprimé un intérêt pour une collaboration potentielle. Tim est le contact principal.",
    "Key Points:": "Points Clés :",
    "Stripe’s European growth strategy: New feature developments are geared towards European SME needs.": "Stratégie de croissance européenne de Stripe : les nouvelles fonctionnalités sont conçues pour les besoins des PME européennes.",
    "Partnership interest: Patrick expressed interest in our cloud services for scaling operations.": "Intérêt pour le partenariat : Patrick a manifesté de l'intérêt pour nos services cloud afin de dimensionner les opérations.",
    "fn": "fonction",
    "control": "contrôle",
    "option": "options",
    "Fly through the app with": "Parcourez l'application avec",
    "intuitive shortcuts…": "des raccourcis intuitifs…",
    "…and a powerful": "…et un puissant",
    "⌘K": "⌘K",
    "Search": "Recherche",
    "Create company": "Créer une entreprise",
    "C": "C",
    "then": "puis",
    "Go to people": "Aller aux personnes",
    "G": "G",
    "P": "P",
    "Create people": "Créer des personnes",
    "Alexandre Prot": "Alexandre Prot",
    "Ben Chestnut": "Ben Chestnut",
    "Eddy Cue": "Eddy Cue",
    "Brian": "Brian",
    "Qonto": "Qonto",
    "Cal.com": "Cal.com",
    "Favorites:": "Favoris:",
    "keep customers within sight.": "gardez les clients à portée de vue.",
    "Dark mode:": "Mode sombre :",
    "Boost visibility and productivity.": "Améliorez la visibilité et la productivité.",
    "Companies": "Entreprises",
    "Slack": "Slack",
    "Notion": "Notion",
    "Linkedin": "Linkedin",
    "Url": "Url",
    "slack.com": "slack.com",
    "notion.com": "notion.com",
    "linkedin.com": "linkedin.com",
    "qonto.com": "qonto.com",
    "Emails": "Emails",
    "Synchronize your emails and keep your CRM up to date.": "Synchronisez vos e-mails et maintenez votre CRM à jour.",
    "Dylan": "Dylan",
    "Just looked at the new apple website - Really love it. Congrats!": "Je viens de voir le nouveau site web d'Apple - J'adore vraiment. Félicitations !",
    "Alex": "Alex",
    "Not shared by Tim Cook": "Non partagé par Tim Cook",
    "tim@apple.com": "tim@apple.com",
    "Synced": "Synchronisé",
    "Everything": "Tout",
    "Subject, body and attachments will be shared with your team.": "L'objet, le corps et les pièces jointes seront partagés avec votre équipe.",
    "Subject and metadata": "Objet et métadonnées",
    "Subject and metadata will be shared with your team.": "L'objet et les métadonnées seront partagés avec votre équipe.",
    "Metadata": "Métadonnées",
    "Timestamp and participants will be shared with your team.": "La date et les participants seront partagés avec votre équipe.",
    "The Power": "La Puissance",
    "of Open Source": "de l'Open Source",
    "Twenty is GPL-licensed. It means": "Twenty est sous licence GPL. Cela signifie",
    "you own, not rent, the software.": "que vous possédez, et non louez, le logiciel.",
    "You get the simplicity of SaaS, with the freedom and cost savings of Open Source.": "Vous bénéficiez de la simplicité du SaaS, avec la liberté et les économies de coûts de l'Open Source.",
    "Thriving community": "Communauté prospère",
    "A welcoming community of hundreds of developers that shares expertise and offers support.": "Une communauté accueillante de centaines de développeurs qui partage son expertise et offre son soutien.",
    "Hundreds of contributors came together to build this software, creating a welcoming community that freely shares its expertise and offers support.": "Des centaines de contributeurs se sont réunis pour construire ce logiciel, créant une communauté accueillante qui partage librement son expertise et offre son soutien.",
    "Open Roadmap": "Feuille de route ouverte",
    "Missing a feature?": "Il manque une fonctionnalité ?",
    "Start a discussion, report an issue,  contribute the code, or even fork the repository.": "Lancez une discussion, signalez un problème, contribuez au code, ou même forkez le dépôt.",
    "Secured by design": "Sécurisé par conception",
    "Benefit from the collective oversight of a global community that quickly identifies and resolves issues.": "Bénéficiez de la supervision collective d'une communauté mondiale qui identifie et résout rapidement les problèmes.",
    "Benefit from the collective scrutiny of a global community. This allows the rapid identification and rectification of vulnerabilities, ensuring a secure environment for your data.": "Bénéficiez de l'examen minutieux d'une communauté mondiale. Cela permet l'identification et la correction rapides des vulnérabilités, assurant un environnement sécurisé pour vos données.",
    "Words from": "Mots de",
    "the community": "la communauté",
    "Rishi Raj Jain": "Rishi Raj Jain",
    "@rishi_raj_jain_": "@rishi_raj_jain_",
    "Sep 29, 2023": "29 sep. 2023",
    "Contributed to": "A contribué à",
    "@twentycrm": "@twentycrm",
    "✨": "✨",
    "https://github.com/twentyhq/twenty/pull/1617…": "https://github.com/twentyhq/twenty/pull/1617…",
    "The command menu shall be all good and accurate now ✅": "Le menu des commandes devrait être tout bon et précis maintenant ✅",
    "Eric Sims": "Eric Sims",
    "@iameazysims": "@iameazysims",
    "Nov 22, 2023": "22 nov. 2023",
    "looks like a truly promising project 😎 Hopefully I can contribute soon!!": "on dirait vraiment un projet prometteur 😎 J'espère pouvoir contribuer bientôt !!",
    "Steven Tey": "Steven Tey",
    "@steventey": "@steventey",
    "Dec 2, 2023": "2 déc. 2023",
    "Just found my new favorite OSS company →": "Je viens de trouver ma nouvelle entreprise OSS préférée →",
    "http://twenty.com": "http://twenty.com",
    "It's a modern, open-source alternative to Salesforce/Hubspot that lets you manage your customer relationships in a secure + privacy-first way.": "C'est une alternative moderne et open-source à Salesforce/Hubspot qui vous permet de gérer vos relations clients de manière sécurisée et respectueuse de la vie privée.",
    "Ale Muñoz": "Ale Muñoz",
    "@bomberstudios": "@bomberstudios",
    "Nov 21, 2023": "21 nov. 2023",
    "Ever asked yourself “why isn’t there a good, open source CRM tool out there?” Turns out there’s one:": "Vous êtes-vous déjà demandé « pourquoi n'y a-t-il pas un bon outil CRM open source disponible ? » Il s'avère qu'il y en a un :",
    "https://twenty.com": "https://twenty.com",
    "I *love* this trend of good-looking, enterprise-ready, fully open source tools!": "J'adore cette tendance à avoir des outils open source à la fois beaux, prêts pour l'entreprise et entièrement ouverts !",
    "Kanav Arora": "Kanav Arora",
    "@Beardy_Weird": "@Beardy_Weird",
    "Hats off to the incredible team at": "Chapeau à l'incroyable équipe de",
    "! 🚀 Your unwavering commitment to crafting a game-changing CRM hasn't gone unnoticed. From seamless customisations to a design that's as functional as it is beautiful. Keep up the good work! ☀️": "! 🚀 Votre engagement indéfectible à créer un CRM révolutionnaire n'est pas passé inaperçu. Des personnalisations fluides à un design aussi fonctionnel qu'esthétique. Continuez votre excellent travail ! ☀️",
    "#twentycrm": "#twentycrm",
    "#crm": "#crm",
    "Guillaume Lescure": "Guillaume Lescure",
    "@bipbip": "@bipbip",
    "It is fascinating that Subscription & CRM now have OSS alternatives. Usually a SaaS sweet spot.  🤔": "Il est fascinant que l'abonnement et le CRM aient maintenant des alternatives OSS. Habituellement un point fort du SaaS. 🤔",
    "Replace Sales Force / your preferred CRM flavor -->": "Remplacez Sales Force / votre version préférée de CRM -->",
    "Replace Stripe Subs -->": "Remplacez Stripe Subs -->",
    "@GetLago": "@GetLago",
    "Both startups from": "Les deux startups viennent de",
    "@ycombinator": "@ycombinator",
    "+ 🇫🇷 founders.": "+ des fondateurs 🇫🇷.",
    "Kirthi Bagrecha Jain": "Kirthi Bagrecha Jain",
    "@mrkirthi_24": "@mrkirthi_24",
    "As a developer, I found": "En tant que développeur, j'ai trouvé",
    "to be the best open source CRM (also a great project to contribute ) ❤️": "être le meilleur CRM open source (aussi un excellent projet auquel contribuer) ❤️",
    "Peer Richelsen": "Peer Richelsen",
    "@peer_rich": "@peer_rich",
    "Nov 29, 2023": "29 nov. 2023",
    ", looks promising": ", semble prometteur",
    "Aditya Pimpalkar": "Aditya Pimpalkar",
    "@adityapimpalkar": "@adityapimpalkar",
    "Sep 25, 2023": "25 sept. 2023",
    "Been contributing to": "Contribué à",
    "for past two week. Great product! tons of learning experience 🚀": "depuis deux semaines. Excellent produit ! Des tonnes d'apprentissage 🚀",
    "Check out the link 👇": "Consultez le lien 👇",
    "Konstantin Vinogradov": "Konstantin Vinogradov",
    "@vinogradovk": "@vinogradovk",
    "Nov 3, 2023": "3 nov. 2023",
    "Smart combo of open source approach and great design can reshape many established markets, and": "La combinaison intelligente de l'approche open source et d'un excellent design peut refaçonner de nombreux marchés établis, et",
    "is on track to define a next-gen CRM. I am more than impressed by its development pace and community-based potential for customisation and integrations 🤯": "est sur la bonne voie pour définir un CRM de nouvelle génération. Je suis plus qu'impressionné par son rythme de développement et son potentiel basé sur la communauté pour la personnalisation et les intégrations 🤯",
    "Take Control": "Prenez le contrôle",
    "Own your CRM": "Possédez votre CRM",
    "Link": "Lien",
    "Amount": "Montant",
    "Sequoia": "Séquoia",
    "Apple": "Apple",
    "Stage": "Étape",
    "X": "X",
    "Name": "Nom",
    "Revenue": "Revenu",
    "Github": "Github",
    "Email": "Courriel",
    "YC S23": "YC S23",
    "Includes": "Inclut",
    "Craig Federighi": "Craig Federighi",
    "Jeff Williams": "Jeff Williams",
    "Phil Schiler": "Phil Schiler",
    "The #1 Open Source CRM": "Le CRM Open Source n\\u00b0 1",
    "Company": "Entreprise",
    "Resources": "Ressources",
    "Developers": "Développeurs",
    "User-Guide": "Guide d'utilisation",
    "Jobs": "Emplois",
    "Other": "Autres",
    "OSS friends": "Amis de l'OSS",
    "Contributors": "Contributeurs",
    "Terms of service": "Conditions d'utilisation",
    "Privacy Policy": "Politique de confidentialité",
    "©": "©",
    "2025 Twenty PBC": "2025 Twenty PBC",
    "Twenty - The #1 Open-Source CRM": "Twenty - Le CRM Open Source n°1",
    "Packed with advanced features, customizable workflows, supported by a large community. Transform customer relationship management seamlessly and efficiently.": "Doté de fonctionnalités avancées, de workflows personnalisables, soutenu par une grande communauté. Transformez la gestion de la relation client de manière fluide et efficace.",
    "Twenty -  The #1 Open-Source CRM": "Twenty - Le CRM Open Source n°1"
}